{
    "$schema": "http://schema.management.azure.com/schemas/2015-01-01/deploymentTemplate.json#",
    "contentVersion": "1.0.0.0",
    "parameters": {
        "workspaceName": {
            "type": "string",
            "metadata": "Workspace name"
        },
        "ls_restEndpoint_MSI": {
            "type": "string"
        },
        "ls_datalake": {
            "type": "string"
        }
    },
    "variables": {
        "workspaceId": "[concat('Microsoft.Synapse/workspaces/', parameters('workspaceName'))]"
    },
    "resources": [
        {
            "name": "[concat(parameters('workspaceName'), '/pullResourcesJSON')]",
            "type": "Microsoft.Synapse/workspaces/pipelines",
            "apiVersion": "2019-06-01-preview",
            "properties": {
                "activities": [
                    {
                        "name": "makeAPICall",
                        "type": "Copy",
                        "dependsOn": [
                            {
                                "activity": "deleteIfPathExists",
                                "dependencyConditions": [
                                    "Succeeded"
                                ]
                            }
                        ],
                        "policy": {
                            "timeout": "0.12:00:00",
                            "retry": 0,
                            "retryIntervalInSeconds": 30,
                            "secureOutput": false,
                            "secureInput": false
                        },
                        "userProperties": [],
                        "typeProperties": {
                            "source": {
                                "type": "RestSource",
                                "httpRequestTimeout": "00:01:40",
                                "requestInterval": "00.00:00:00.010",
                                "requestMethod": "POST",
                                "requestBody": {
                                    "value": "@concat(\n'\n{\n\tquery: \"',pipeline().parameters.query,'\"\n}\n'\n)",
                                    "type": "Expression"
                                },
                                "additionalHeaders": {
                                    "Content-Type": "application/json"
                                }
                            },
                            "sink": {
                                "type": "JsonSink",
                                "storeSettings": {
                                    "type": "AzureBlobFSWriteSettings"
                                },
                                "formatSettings": {
                                    "type": "JsonWriteSettings"
                                }
                            },
                            "enableStaging": false
                        },
                        "inputs": [
                            {
                                "referenceName": "ds_restEndpoint_MSI",
                                "type": "DatasetReference",
                                "parameters": {
                                    "baseURL": {
                                        "value": "@pipeline().parameters.baseURL",
                                        "type": "Expression"
                                    },
                                    "aadResource": {
                                        "value": "@pipeline().parameters.aadResourceURL",
                                        "type": "Expression"
                                    }
                                }
                            }
                        ],
                        "outputs": [
                            {
                                "referenceName": "ds_datalake_json1",
                                "type": "DatasetReference",
                                "parameters": {
                                    "storageAccountName": {
                                        "value": "@pipeline().parameters.destStorageName",
                                        "type": "Expression"
                                    },
                                    "container": {
                                        "value": "@pipeline().parameters.destStorageContainerName",
                                        "type": "Expression"
                                    },
                                    "fileDirectory": {
                                        "value": "@pipeline().parameters.destStorageDirectory",
                                        "type": "Expression"
                                    },
                                    "fileName": "basedata.json"
                                }
                            }
                        ]
                    },
                    {
                        "name": "goUntilNoSkipTkn",
                        "type": "Until",
                        "dependsOn": [
                            {
                                "activity": "setTokenIfExists",
                                "dependencyConditions": [
                                    "Succeeded"
                                ]
                            }
                        ],
                        "userProperties": [],
                        "typeProperties": {
                            "expression": {
                                "value": "@equals(variables('skipToken'),'')",
                                "type": "Expression"
                            },
                            "activities": [
                                {
                                    "name": "checkSkipToken",
                                    "type": "IfCondition",
                                    "dependsOn": [],
                                    "userProperties": [],
                                    "typeProperties": {
                                        "expression": {
                                            "value": "@not(equals(variables('skipToken'),'' ))",
                                            "type": "Expression"
                                        },
                                        "ifTrueActivities": [
                                            {
                                                "name": "copyFromSkipPoint",
                                                "type": "Copy",
                                                "dependsOn": [],
                                                "policy": {
                                                    "timeout": "0.12:00:00",
                                                    "retry": 0,
                                                    "retryIntervalInSeconds": 30,
                                                    "secureOutput": false,
                                                    "secureInput": false
                                                },
                                                "userProperties": [],
                                                "typeProperties": {
                                                    "source": {
                                                        "type": "RestSource",
                                                        "httpRequestTimeout": "00:01:40",
                                                        "requestInterval": "00.00:00:00.010",
                                                        "requestMethod": "POST",
                                                        "requestBody": {
                                                            "value": "@concat(\n'\n{\n\tquery: \"',pipeline().parameters.query,'\",\n\toptions: {\n\t\t\"$skipToken\":\"',variables('skipToken'),'\"\n\t}\n}\n'\n)",
                                                            "type": "Expression"
                                                        },
                                                        "additionalHeaders": {
                                                            "Content-Type": "application/json"
                                                        }
                                                    },
                                                    "sink": {
                                                        "type": "JsonSink",
                                                        "storeSettings": {
                                                            "type": "AzureBlobFSWriteSettings"
                                                        },
                                                        "formatSettings": {
                                                            "type": "JsonWriteSettings"
                                                        }
                                                    },
                                                    "enableStaging": false
                                                },
                                                "inputs": [
                                                    {
                                                        "referenceName": "ds_restapi",
                                                        "type": "DatasetReference",
                                                        "parameters": {
                                                            "baseURL": {
                                                                "value": "@pipeline().parameters.baseURL",
                                                                "type": "Expression"
                                                            },
                                                            "aadResource": {
                                                                "value": "@pipeline().parameters.aadResourceURL",
                                                                "type": "Expression"
                                                            }
                                                        }
                                                    }
                                                ],
                                                "outputs": [
                                                    {
                                                        "referenceName": "ds_datalake_json1",
                                                        "type": "DatasetReference",
                                                        "parameters": {
                                                            "storageAccountName": {
                                                                "value": "@pipeline().parameters.destStorageName",
                                                                "type": "Expression"
                                                            },
                                                            "container": {
                                                                "value": "@pipeline().parameters.destStorageContainerName",
                                                                "type": "Expression"
                                                            },
                                                            "fileDirectory": {
                                                                "value": "@pipeline().parameters.destStorageDirectory",
                                                                "type": "Expression"
                                                            },
                                                            "fileName": {
                                                                "value": "@concat(variables('skipToken'),'.json')",
                                                                "type": "Expression"
                                                            }
                                                        }
                                                    }
                                                ]
                                            },
                                            {
                                                "name": "checkNewToken",
                                                "type": "Lookup",
                                                "dependsOn": [
                                                    {
                                                        "activity": "copyFromSkipPoint",
                                                        "dependencyConditions": [
                                                            "Succeeded"
                                                        ]
                                                    }
                                                ],
                                                "policy": {
                                                    "timeout": "0.12:00:00",
                                                    "retry": 0,
                                                    "retryIntervalInSeconds": 30,
                                                    "secureOutput": false,
                                                    "secureInput": false
                                                },
                                                "userProperties": [],
                                                "typeProperties": {
                                                    "source": {
                                                        "type": "JsonSource",
                                                        "storeSettings": {
                                                            "type": "AzureBlobFSReadSettings",
                                                            "recursive": true,
                                                            "enablePartitionDiscovery": false
                                                        },
                                                        "formatSettings": {
                                                            "type": "JsonReadSettings"
                                                        }
                                                    },
                                                    "dataset": {
                                                        "referenceName": "ds_datalake_json1",
                                                        "type": "DatasetReference",
                                                        "parameters": {
                                                            "storageAccountName": {
                                                                "value": "@pipeline().parameters.destStorageName",
                                                                "type": "Expression"
                                                            },
                                                            "container": {
                                                                "value": "@pipeline().parameters.destStorageContainerName",
                                                                "type": "Expression"
                                                            },
                                                            "fileDirectory": {
                                                                "value": "@pipeline().parameters.destStorageDirectory",
                                                                "type": "Expression"
                                                            },
                                                            "fileName": {
                                                                "value": "@concat(variables('skipToken'),'.json')",
                                                                "type": "Expression"
                                                            }
                                                        }
                                                    }
                                                }
                                            },
                                            {
                                                "name": "checkToken",
                                                "type": "SetVariable",
                                                "dependsOn": [
                                                    {
                                                        "activity": "checkNewToken",
                                                        "dependencyConditions": [
                                                            "Succeeded"
                                                        ]
                                                    }
                                                ],
                                                "policy": {
                                                    "secureOutput": false,
                                                    "secureInput": false
                                                },
                                                "userProperties": [],
                                                "typeProperties": {
                                                    "variableName": "hasToken",
                                                    "value": {
                                                        "value": "@contains(activity('checkNewToken').output,'$skipToken')",
                                                        "type": "Expression"
                                                    }
                                                }
                                            }
                                        ]
                                    }
                                },
                                {
                                    "name": "setNewTokenIfExists",
                                    "type": "IfCondition",
                                    "dependsOn": [
                                        {
                                            "activity": "checkSkipToken",
                                            "dependencyConditions": [
                                                "Succeeded"
                                            ]
                                        }
                                    ],
                                    "userProperties": [],
                                    "typeProperties": {
                                        "expression": {
                                            "value": "@variables('hasToken')",
                                            "type": "Expression"
                                        },
                                        "ifFalseActivities": [
                                            {
                                                "name": "setBlankNewToken",
                                                "type": "SetVariable",
                                                "dependsOn": [],
                                                "policy": {
                                                    "secureOutput": false,
                                                    "secureInput": false
                                                },
                                                "userProperties": [],
                                                "typeProperties": {
                                                    "variableName": "skipToken",
                                                    "value": {
                                                        "value": "@''",
                                                        "type": "Expression"
                                                    }
                                                }
                                            }
                                        ],
                                        "ifTrueActivities": [
                                            {
                                                "name": "setNewToken",
                                                "type": "SetVariable",
                                                "dependsOn": [],
                                                "policy": {
                                                    "secureOutput": false,
                                                    "secureInput": false
                                                },
                                                "userProperties": [],
                                                "typeProperties": {
                                                    "variableName": "skipToken",
                                                    "value": {
                                                        "value": "@activity('checkNewToken').output.firstRow.$skipToken",
                                                        "type": "Expression"
                                                    }
                                                }
                                            }
                                        ]
                                    }
                                }
                            ],
                            "timeout": "0.12:00:00"
                        }
                    },
                    {
                        "name": "reviewAPIResponse",
                        "type": "Lookup",
                        "dependsOn": [
                            {
                                "activity": "makeAPICall",
                                "dependencyConditions": [
                                    "Succeeded"
                                ]
                            }
                        ],
                        "policy": {
                            "timeout": "0.12:00:00",
                            "retry": 0,
                            "retryIntervalInSeconds": 30,
                            "secureOutput": false,
                            "secureInput": false
                        },
                        "userProperties": [],
                        "typeProperties": {
                            "source": {
                                "type": "JsonSource",
                                "storeSettings": {
                                    "type": "AzureBlobFSReadSettings",
                                    "recursive": true,
                                    "enablePartitionDiscovery": false
                                },
                                "formatSettings": {
                                    "type": "JsonReadSettings"
                                }
                            },
                            "dataset": {
                                "referenceName": "ds_datalake_json1",
                                "type": "DatasetReference",
                                "parameters": {
                                    "storageAccountName": {
                                        "value": "@pipeline().parameters.destStorageName",
                                        "type": "Expression"
                                    },
                                    "container": {
                                        "value": "@pipeline().parameters.destStorageContainerName",
                                        "type": "Expression"
                                    },
                                    "fileDirectory": {
                                        "value": "@pipeline().parameters.destStorageDirectory",
                                        "type": "Expression"
                                    },
                                    "fileName": "basedata.json"
                                }
                            }
                        }
                    },
                    {
                        "name": "setTokenIfExists",
                        "type": "IfCondition",
                        "dependsOn": [
                            {
                                "activity": "reviewAPIResponse",
                                "dependencyConditions": [
                                    "Succeeded"
                                ]
                            }
                        ],
                        "userProperties": [],
                        "typeProperties": {
                            "expression": {
                                "value": "@contains(string(activity('reviewAPIResponse').output.firstRow),'$skipToken')",
                                "type": "Expression"
                            },
                            "ifFalseActivities": [
                                {
                                    "name": "setBlankToken",
                                    "type": "SetVariable",
                                    "dependsOn": [],
                                    "policy": {
                                        "secureOutput": false,
                                        "secureInput": false
                                    },
                                    "userProperties": [],
                                    "typeProperties": {
                                        "variableName": "skipToken",
                                        "value": {
                                            "value": "@''",
                                            "type": "Expression"
                                        }
                                    }
                                }
                            ],
                            "ifTrueActivities": [
                                {
                                    "name": "setToken",
                                    "type": "SetVariable",
                                    "dependsOn": [],
                                    "policy": {
                                        "secureOutput": false,
                                        "secureInput": false
                                    },
                                    "userProperties": [],
                                    "typeProperties": {
                                        "variableName": "skipToken",
                                        "value": {
                                            "value": "@activity('reviewAPIResponse').output.firstRow.$skipToken",
                                            "type": "Expression"
                                        }
                                    }
                                }
                            ]
                        }
                    },
                    {
                        "name": "checkPath",
                        "type": "GetMetadata",
                        "dependsOn": [],
                        "policy": {
                            "timeout": "0.12:00:00",
                            "retry": 0,
                            "retryIntervalInSeconds": 30,
                            "secureOutput": false,
                            "secureInput": false
                        },
                        "userProperties": [],
                        "typeProperties": {
                            "dataset": {
                                "referenceName": "ds_datalake_json1",
                                "type": "DatasetReference",
                                "parameters": {
                                    "storageAccountName": {
                                        "value": "@pipeline().parameters.destStorageName",
                                        "type": "Expression"
                                    },
                                    "container": {
                                        "value": "@pipeline().parameters.destStorageContainerName",
                                        "type": "Expression"
                                    },
                                    "fileDirectory": {
                                        "value": "@pipeline().parameters.destStorageDirectory",
                                        "type": "Expression"
                                    },
                                    "fileName": {
                                        "value": "@''",
                                        "type": "Expression"
                                    }
                                }
                            },
                            "fieldList": [
                                "exists"
                            ],
                            "storeSettings": {
                                "type": "AzureBlobFSReadSettings",
                                "recursive": true,
                                "enablePartitionDiscovery": false
                            },
                            "formatSettings": {
                                "type": "JsonReadSettings"
                            }
                        }
                    },
                    {
                        "name": "deleteIfPathExists",
                        "type": "IfCondition",
                        "dependsOn": [
                            {
                                "activity": "checkPath",
                                "dependencyConditions": [
                                    "Succeeded"
                                ]
                            }
                        ],
                        "userProperties": [],
                        "typeProperties": {
                            "expression": {
                                "value": "@activity('checkPath').output.exists",
                                "type": "Expression"
                            },
                            "ifTrueActivities": [
                                {
                                    "name": "clearDestDir",
                                    "type": "Delete",
                                    "dependsOn": [],
                                    "policy": {
                                        "timeout": "0.12:00:00",
                                        "retry": 0,
                                        "retryIntervalInSeconds": 30,
                                        "secureOutput": false,
                                        "secureInput": false
                                    },
                                    "userProperties": [],
                                    "typeProperties": {
                                        "dataset": {
                                            "referenceName": "ds_datalake_json1",
                                            "type": "DatasetReference",
                                            "parameters": {
                                                "storageAccountName": {
                                                    "value": "@pipeline().parameters.destStorageName",
                                                    "type": "Expression"
                                                },
                                                "container": {
                                                    "value": "@pipeline().parameters.destStorageContainerName",
                                                    "type": "Expression"
                                                },
                                                "fileDirectory": {
                                                    "value": "@pipeline().parameters.destStorageDirectory",
                                                    "type": "Expression"
                                                },
                                                "fileName": {
                                                    "value": "@''",
                                                    "type": "Expression"
                                                }
                                            }
                                        },
                                        "enableLogging": false,
                                        "storeSettings": {
                                            "type": "AzureBlobFSReadSettings",
                                            "recursive": true,
                                            "wildcardFileName": "*.json",
                                            "enablePartitionDiscovery": false
                                        }
                                    }
                                }
                            ]
                        }
                    }
                ],
                "policy": {
                    "elapsedTimeMetric": {},
                    "cancelAfter": {}
                },
                "parameters": {
                    "query": {
                        "type": "string"
                    },
                    "baseURL": {
                        "type": "string",
                        "defaultValue": "https://management.azure.com/providers/Microsoft.ResourceGraph/resources?api-version=2020-04-01-preview"
                    },
                    "aadResourceURL": {
                        "type": "string",
                        "defaultValue": "https://management.azure.com"
                    },
                    "destStorageName": {
                        "type": "string"
                    },
                    "destStorageContainerName": {
                        "type": "string"
                    },
                    "destStorageDirectory": {
                        "type": "string"
                    }
                },
                "variables": {
                    "skipToken": {
                        "type": "String"
                    },
                    "untilIteration": {
                        "type": "String"
                    },
                    "hasToken": {
                        "type": "Boolean",
                        "defaultValue": false
                    }
                },
                "annotations": [],
                "lastPublishTime": "2023-08-08T21:31:58Z"
            },
            "dependsOn": [
                "[concat(variables('workspaceId'), '/datasets/ds_restEndpoint_MSI')]",
                "[concat(variables('workspaceId'), '/datasets/ds_datalake_json1')]",
                "[concat(variables('workspaceId'), '/datasets/ds_restapi')]"
            ]
        },
        {
            "name": "[concat(parameters('workspaceName'), '/ds_restEndpoint_MSI')]",
            "type": "Microsoft.Synapse/workspaces/datasets",
            "apiVersion": "2019-06-01-preview",
            "properties": {
                "linkedServiceName": {
                    "referenceName": "[parameters('ls_restEndpoint_MSI')]",
                    "type": "LinkedServiceReference",
                    "parameters": {
                        "baseURL": {
                            "value": "@dataset().baseURL",
                            "type": "Expression"
                        },
                        "aadResource": {
                            "value": "@dataset().aadResource",
                            "type": "Expression"
                        }
                    }
                },
                "parameters": {
                    "baseURL": {
                        "type": "string"
                    },
                    "aadResource": {
                        "type": "string"
                    }
                },
                "annotations": [],
                "type": "RestResource",
                "typeProperties": {},
                "schema": []
            },
            "dependsOn": []
        },
        {
            "name": "[concat(parameters('workspaceName'), '/ds_datalake_json1')]",
            "type": "Microsoft.Synapse/workspaces/datasets",
            "apiVersion": "2019-06-01-preview",
            "properties": {
                "linkedServiceName": {
                    "referenceName": "[parameters('ls_datalake')]",
                    "type": "LinkedServiceReference",
                    "parameters": {
                        "storageAccountName": {
                            "value": "@dataset().storageAccountName",
                            "type": "Expression"
                        }
                    }
                },
                "parameters": {
                    "storageAccountName": {
                        "type": "string"
                    },
                    "container": {
                        "type": "string"
                    },
                    "fileDirectory": {
                        "type": "string"
                    },
                    "fileName": {
                        "type": "string"
                    }
                },
                "annotations": [],
                "type": "Json",
                "typeProperties": {
                    "location": {
                        "type": "AzureBlobFSLocation",
                        "fileName": {
                            "value": "@dataset().fileName",
                            "type": "Expression"
                        },
                        "folderPath": {
                            "value": "@dataset().fileDirectory",
                            "type": "Expression"
                        },
                        "fileSystem": {
                            "value": "@dataset().container",
                            "type": "Expression"
                        }
                    }
                },
                "schema": {}
            },
            "dependsOn": []
        },
        {
            "name": "[concat(parameters('workspaceName'), '/ds_restapi')]",
            "type": "Microsoft.Synapse/workspaces/datasets",
            "apiVersion": "2019-06-01-preview",
            "properties": {
                "linkedServiceName": {
                    "referenceName": "[parameters('ls_restEndpoint_MSI')]",
                    "type": "LinkedServiceReference",
                    "parameters": {
                        "baseURL": {
                            "value": "@dataset().baseURL",
                            "type": "Expression"
                        },
                        "aadResource": {
                            "value": "@dataset().aadResource",
                            "type": "Expression"
                        }
                    }
                },
                "parameters": {
                    "baseURL": {
                        "type": "string"
                    },
                    "aadResource": {
                        "type": "string"
                    }
                },
                "annotations": [],
                "type": "RestResource",
                "typeProperties": {},
                "schema": []
            },
            "dependsOn": []
        }
    ]
}